train_accuray,test_accuracy,roc_auc,precision,recall,pr_auc,f1,balanced_acc,model,stage
0.9933234421364985,0.9930761622156281,0.5898548662492885,0.0,0.0,0.008683938732535238,0.0,0.5,Logistic Regression,Before Balancing Classes
0.9967853610286844,0.9910979228486647,0.5898548662492886,0.0,0.0,0.008683938732535238,0.0,0.499003984063745,Logistic Regression,After Balancing Classes
0.9980217606330366,0.9910979228486647,0.49302788844621515,0.0,0.0,0.006923837784371909,0.0,0.499003984063745,Random Forest,Before Balancing Classes
0.9967853610286844,0.9910979228486647,0.49302788844621515,0.0,0.0,0.006923837784371909,0.0,0.499003984063745,Random Forest,After Balancing Classes
